POA_CODE21,LGA_CODE24
0800,71150
0810,71000
0812,72300
0820,79399
0822,71000
0828,72800
0829,72800
0830,72800
0832,72300
0834,72800
0835,72800
0836,72300
0837,70700
0838,72300
0839,72300
0840,79399
0841,79399
0845,70700
0846,79399
0847,74550
0850,73600
0852,71300
0853,72200
0854,73600
0860,70420
0862,35300
0870,72330
0872,32750
0873,72330
0874,72330
0875,72330
0880,79399
0885,71300
0886,74660
2000,17200
2007,17200
2008,17200
2009,17200
2010,18500
2011,18500
2015,14170
2016,17200
2017,16550
2018,16550
2019,16550
2020,17200
2021,18050
2022,16550
2023,18050
2024,16550
2025,18050
2026,18500
2027,17200
2028,18500
2029,18050
2030,18050
2031,18050
2032,10500
2033,10500
2034,16550
2035,10500
2036,10500
2037,14170
2038,17200
2039,14170
2040,14170
2041,19399
2042,17200
2043,14170
2044,10500
2045,11520
2046,11300
2047,11520
2048,14170
2049,14170
2050,14170
2060,15950
2061,15950
2062,18250
2063,15950
2064,14700
2065,18250
2066,16700
2067,14700
2068,18250
2069,15990
2070,15990
2071,16700
2072,14500
2073,16700
2074,16700
2075,15990
2076,14000
2077,14500
2079,14500
2080,14000
2081,14000
2082,14000
2083,11650
2084,14500
2085,14500
2086,14500
2087,14500
2088,15950
2089,15950
2090,15350
2092,15990
2093,15990
2094,15990
2095,15990
2096,15990
2097,15990
2099,15990
2100,15990
2101,15990
2102,15990
2103,15990
2104,15990
2105,15990
2106,15990
2107,15990
2108,15990
2110,16700
2111,14100
2112,16700
2113,14100
2114,16260
2115,16700
2116,16260
2117,16700
2118,17420
2119,17420
2120,14500
2121,14500
2122,14500
2125,16260
2126,17420
2127,12380
2128,12380
2130,14170
2131,11520
2132,11520
2133,17100
2134,11520
2135,12380
2136,11570
2137,17100
2138,17100
2140,16260
2141,11570
2142,12380
2143,12380
2144,11570
2145,12850
2146,12380
2147,17420
2148,12380
2150,12380
2151,17420
2152,17420
2153,10750
2154,14000
2155,10750
2156,14000
2157,17420
2158,17420
2159,14000
2160,16260
2161,11570
2162,12850
2163,12850
2164,10750
2165,11570
2166,11570
2167,14900
2168,12850
2170,11500
2171,12850
2172,11570
2173,18450
2174,11500
2175,16350
2176,14900
2177,14900
2178,12850
2179,11500
2190,12380
2191,11300
2192,11570
2193,14170
2194,11300
2195,11570
2196,11570
2197,11570
2198,14900
2199,11570
2200,14900
2203,11570
2204,11570
2205,14170
2206,14170
2207,11570
2208,10500
2209,11570
2210,11570
2211,11570
2212,11570
2213,17150
2214,14900
2216,12930
2217,12930
2218,10500
2219,12930
2220,10500
2221,12930
2222,12930
2223,12930
2224,17150
2225,17150
2226,17150
2227,17150
2228,17150
2229,17150
2230,17150
2231,17150
2232,18450
2233,18450
2234,11570
2250,13800
2251,11650
2256,11650
2257,11650
2258,11650
2259,11720
2260,11650
2261,11650
2262,14650
2263,11650
2264,11650
2265,11650
2267,14650
2278,11720
2280,14650
2281,14650
2282,14650
2283,14650
2284,14650
2285,11720
2286,11720
2287,11720
2289,14650
2290,15900
2291,14650
2292,15900
2293,15900
2294,15900
2295,15900
2296,15900
2297,15900
2298,15900
2299,15900
2300,15900
2302,15900
2303,15900
2304,15900
2305,14650
2306,14650
2307,15900
2308,15900
2311,15240
2312,15240
2315,16400
2316,16400
2317,16400
2318,16400
2319,16400
2320,12700
2321,17000
2322,14650
2323,15050
2324,12700
2325,14650
2326,15050
2327,11720
2328,17620
2329,15650
2330,15270
2331,11720
2333,17000
2334,17000
2335,12700
2336,12700
2337,15650
2338,14920
2339,17620
2340,17850
2341,13550
2342,17310
2343,17620
2344,13550
2345,17310
2346,17650
2347,13550
2350,14350
2352,17310
2353,17310
2354,14350
2355,17650
2356,17900
2357,12150
2358,17850
2359,10180
2360,13010
2361,17400
2365,17650
2369,10180
2370,17400
2371,14220
2372,14550
2379,13550
2380,18020
2381,14920
2382,18020
2386,15750
2387,15750
2388,18020
2390,17310
2395,18020
2396,12150
2397,15300
2398,15750
2399,13660
2400,15750
2401,15300
2402,14220
2403,13660
2404,15300
2405,33610
2406,17900
2408,15300
2409,14220
2410,15300
2411,15300
2415,12700
2420,16400
2421,16400
2422,12700
2423,15240
2424,16380
2425,12700
2426,15240
2427,15240
2428,15240
2429,16380
2430,16380
2431,14350
2439,15240
2440,17850
2441,15700
2443,16380
2444,14350
2445,16380
2446,14350
2447,14350
2448,10600
2449,14350
2450,10600
2452,11800
2453,15700
2454,11730
2455,10600
2456,11730
2460,17400
2462,11730
2463,16610
2464,11730
2465,11730
2466,11730
2469,14850
2470,14850
2471,10250
2472,10250
2473,16610
2474,16610
2475,14550
2476,36510
2477,16610
2478,10250
2479,10250
2480,17550
2481,10250
2482,14850
2483,11350
2484,11350
2485,33430
2486,33430
2487,17550
2488,17550
2489,17550
2490,17550
2500,18450
2502,18450
2505,18450
2506,18450
2508,17150
2515,18450
2516,18450
2517,18450
2518,18450
2519,18450
2525,18450
2526,18400
2527,18350
2528,18450
2529,14400
2530,16900
2533,16900
2534,16950
2535,14400
2536,16490
2537,16490
2538,12750
2539,16950
2540,18350
2541,16950
2545,17040
2546,17040
2548,10550
2549,10550
2550,22110
2551,22110
2555,16350
2556,14900
2557,11500
2558,11450
2559,11450
2560,18350
2563,11450
2564,14900
2565,11450
2566,14900
2567,18400
2568,11500
2569,18400
2570,11500
2571,18350
2572,18350
2573,18400
2574,16900
2575,17640
2576,18350
2577,18450
2578,18350
2579,16950
2580,18400
2581,13910
2582,17080
2583,12350
2584,13910
2585,18710
2586,12350
2587,12160
2588,13910
2590,13910
2594,10800
2600,16490
2601,89399
2602,89399
2603,89399
2604,89399
2605,89399
2606,89399
2607,89399
2609,16490
2611,17040
2612,89399
2614,89399
2615,18710
2617,89399
2618,89399
2619,89399
2620,17640
2621,89399
2622,13310
2623,17040
2624,17080
2625,17040
2626,89399
2627,26670
2628,17080
2629,89399
2630,10550
2631,10550
2632,22110
2633,22110
2640,23350
2641,13340
2642,10050
2643,23350
2644,26670
2645,15560
2646,24900
2647,24900
2648,10300
2649,17080
2650,14950
2651,17750
2652,12160
2653,17750
2655,17750
2656,12870
2658,17750
2659,14950
2660,13340
2661,17750
2663,12000
2665,14750
2666,18100
2668,17350
2669,11600
2671,18100
2672,10800
2675,10800
2678,17750
2680,14750
2681,15800
2700,17750
2701,17350
2702,17750
2703,14750
2705,15560
2706,15800
2707,12870
2710,24900
2711,12730
2712,24900
2713,15560
2714,24900
2715,11700
2716,12870
2717,24780
2720,17040
2721,17350
2722,17750
2725,14300
2726,12160
2727,13910
2729,14300
2730,17750
2731,22250
2732,22250
2733,13850
2734,22250
2735,26610
2736,10300
2737,24780
2738,10300
2739,24780
2745,10900
2747,10750
2748,16350
2749,10900
2750,10900
2752,14900
2753,10900
2754,13800
2756,10750
2757,13800
2758,14870
2759,12850
2760,10750
2761,10750
2762,10750
2763,10750
2765,16350
2766,12850
2767,10750
2768,17420
2769,10750
2770,16350
2773,16350
2774,16350
2775,11720
2776,10900
2777,16350
2778,10900
2779,10900
2780,10900
2782,10900
2783,10900
2784,10900
2785,16100
2786,13800
2787,16350
2790,13800
2791,10850
2792,11400
2793,10470
2794,18100
2795,12350
2797,12350
2798,10470
2799,11400
2800,15270
2803,12350
2804,12350
2805,18100
2806,11400
2807,18100
2808,17640
2809,12350
2810,12350
2817,12150
2818,11400
2820,11400
2821,12950
2822,12950
2823,16200
2824,10950
2825,11750
2826,15850
2827,15850
2828,17950
2829,18020
2830,17950
2831,18020
2832,12150
2833,30300
2834,30300
2835,11600
2836,11750
2838,30300
2839,10950
2840,35800
2842,12390
2843,14920
2844,12390
2845,14870
2846,15270
2847,10470
2848,14870
2849,13800
2850,18020
2852,18020
2864,11400
2865,16200
2866,15270
2867,16200
2868,16200
2869,11400
2870,11400
2871,10800
2873,16200
2874,15850
2875,12900
2876,12900
2877,11600
2878,18200
2879,18200
2880,18200
2898,19399
2899,99399
2900,17040
2902,89399
2903,89399
2904,89399
2905,89399
2906,89399
2911,89399
2912,16490
2913,89399
2914,89399
3000,24600
3002,27350
3003,24330
3004,26350
3006,25900
3008,25900
3011,25060
3012,25060
3013,24600
3015,24600
3016,23110
3018,27260
3019,25060
3020,27260
3021,24650
3022,21180
3023,21180
3024,24650
3025,24330
3026,24650
3027,27260
3028,27260
3029,21180
3030,22750
3031,24330
3032,24700
3033,21180
3034,21180
3036,23270
3037,21180
3038,21180
3039,24330
3040,24700
3041,24700
3042,23270
3043,25060
3044,25060
3045,21180
3046,25060
3047,24700
3048,23270
3049,23270
3051,24600
3052,25060
3053,27350
3054,24700
3055,24600
3056,27350
3057,27350
3058,21890
3059,23270
3060,21890
3061,24700
3062,27070
3063,23270
3064,24130
3065,24600
3066,24600
3067,21110
3068,21890
3070,27350
3071,24700
3072,24700
3073,23270
3074,21890
3075,27070
3076,23270
3078,20660
3079,27350
3081,21890
3082,25710
3083,25710
3084,24210
3085,21890
3087,21890
3088,27070
3089,20660
3090,27070
3091,27070
3093,25710
3094,25710
3095,24210
3096,25710
3097,24210
3099,27070
3101,27350
3102,27350
3103,26980
3104,20660
3105,21110
3106,20660
3107,20660
3108,21110
3109,26980
3111,24410
3113,25710
3114,24410
3115,25710
3116,24410
3121,24600
3122,26350
3123,26350
3124,26980
3125,21110
3126,21110
3127,21110
3128,26980
3129,21110
3130,24210
3131,24210
3132,24410
3133,24970
3134,23670
3135,23670
3136,24210
3137,23670
3138,24410
3139,21450
3140,27450
3141,27350
3142,21110
3143,25900
3144,21110
3145,21110
3146,24970
3147,26350
3148,26350
3149,26980
3150,26980
3151,24970
3152,24410
3153,27450
3154,27450
3155,27450
3156,21610
3158,23670
3159,21450
3160,21450
3161,25900
3162,20910
3163,24970
3165,24970
3166,26350
3167,22310
3168,22670
3169,22670
3170,23670
3171,23430
3172,22670
3173,23430
3174,24970
3175,22170
3177,22670
3178,22670
3179,24970
3180,23670
3181,24600
3182,26350
3183,26350
3184,20910
3185,20910
3186,25900
3187,22310
3188,23430
3189,20910
3190,23430
3191,20910
3192,20910
3193,23430
3194,20910
3195,22670
3196,22670
3197,22670
3198,23430
3199,25340
3200,22170
3201,23430
3202,23430
3204,23430
3205,24600
3206,25900
3207,23110
3211,27260
3212,27260
3213,22490
3214,22750
3215,22750
3216,26490
3217,22750
3218,26490
3219,22750
3220,22750
3221,22490
3222,22750
3223,22750
3224,22750
3225,26080
3226,22750
3227,26490
3228,22750
3230,26490
3231,26490
3232,21750
3233,21750
3234,26490
3235,21750
3236,21750
3237,21830
3238,21750
3239,21830
3240,22750
3241,22490
3242,26490
3243,26490
3249,21830
3250,21750
3251,21830
3254,21750
3260,25490
3264,25490
3265,21830
3266,21750
3267,21830
3268,25490
3269,21750
3270,25490
3271,25990
3272,20260
3273,25490
3274,26260
3275,26730
3276,25490
3277,26730
3278,25490
3279,26730
3280,25490
3281,26730
3282,26730
3283,26730
3284,25490
3285,29399
3286,22410
3287,26260
3289,25490
3292,42250
3293,25490
3294,25490
3300,22410
3301,22410
3302,26260
3303,26260
3304,42250
3305,22410
3309,22410
3310,22410
3311,26260
3312,45090
3314,20260
3315,26890
3317,23190
3318,26260
3319,45090
3321,21750
3322,21830
3323,21750
3324,22490
3325,25990
3328,22490
3329,21750
3330,22490
3331,22750
3332,22490
3333,25150
3334,22490
3335,24650
3336,21180
3337,24130
3338,25150
3340,22490
3341,25150
3342,22750
3345,25150
3350,25150
3351,21830
3352,21670
3355,20570
3356,22490
3357,25150
3358,20570
3360,21830
3361,20260
3363,25990
3364,25150
3370,20570
3371,22910
3373,20260
3374,20260
3375,25990
3377,25990
3378,25990
3379,25810
3380,25810
3381,26260
3384,25990
3385,23190
3387,27630
3388,25810
3390,23190
3391,21270
3392,25810
3393,22980
3395,21270
3396,21270
3400,23190
3401,22980
3407,26890
3409,22980
3412,22980
3413,47630
3414,23190
3415,22980
3418,23190
3419,22980
3420,22980
3423,27630
3424,27630
3427,21180
3428,21180
3429,24650
3430,24850
3431,23270
3432,24130
3433,24130
3434,24850
3435,24850
3437,23270
3438,24130
3440,24130
3441,24130
3442,25150
3444,22910
3446,25430
3447,24130
3448,22620
3450,25430
3451,22910
3453,25430
3458,24130
3460,22910
3461,24130
3462,22910
3463,22620
3464,25430
3465,25430
3467,25990
3468,25990
3469,20260
3472,25990
3475,25810
3477,21670
3478,23940
3480,27630
3482,27630
3483,27630
3485,27630
3487,21270
3488,21270
3489,21270
3490,47630
3491,24780
3494,18200
3496,46670
3498,18200
3500,18200
3501,26610
3505,18200
3506,24780
3507,24780
3509,24780
3512,47290
3515,25430
3516,22620
3517,23940
3518,21270
3520,23940
3521,24850
3522,22620
3523,24850
3525,25810
3527,23940
3529,21270
3530,26610
3531,21270
3533,24780
3537,21270
3540,23940
3542,26610
3544,22250
3546,24780
3549,24780
3550,22620
3551,21670
3555,22620
3556,23940
3557,21370
3558,21370
3559,26430
3561,22620
3562,15520
3563,21370
3564,23940
3565,21370
3566,23940
3567,15520
3568,23940
3570,21370
3571,21370
3572,22620
3573,23940
3575,22250
3576,23940
3579,15520
3580,15520
3581,22250
3583,22250
3584,22250
3585,21270
3586,22250
3588,26610
3589,26610
3590,15520
3591,15520
3594,15520
3595,26610
3596,15520
3597,15520
3599,10300
3607,24850
3608,21370
3610,21370
3612,22830
3614,22830
3616,21370
3617,22830
3618,21370
3620,24900
3621,24900
3622,21370
3623,22830
3624,22830
3629,24900
3630,26430
3631,26430
3633,22830
3634,24900
3635,22830
3636,22830
3637,15520
3638,15520
3639,21370
3640,24900
3641,15520
3644,10650
3646,26430
3647,22830
3649,24900
3658,27070
3659,25620
3660,26430
3662,22620
3663,24850
3664,24850
3665,26430
3666,21010
3669,24250
3670,26430
3672,21010
3673,26430
3675,24900
3677,26700
3678,26810
3682,12870
3683,26700
3685,24900
3687,12870
3688,13340
3690,23350
3691,13340
3695,20110
3697,22110
3698,20110
3699,26670
3700,23350
3701,13340
3704,26670
3705,26670
3707,17080
3708,17080
3709,17080
3711,25620
3712,25620
3713,27450
3714,24250
3715,26430
3717,24850
3718,25620
3719,24250
3720,26430
3722,24250
3723,20830
3725,24900
3726,24900
3727,21010
3728,24900
3730,23350
3732,21010
3733,26700
3735,20110
3737,29399
3738,20110
3739,20110
3740,20110
3741,22110
3744,20110
3746,23350
3747,20110
3749,27170
3750,23270
3751,27070
3752,25710
3753,23270
3754,25710
3755,25710
3756,27070
3757,24850
3758,24850
3759,25710
3760,25710
3761,25620
3762,24130
3763,27450
3764,24130
3765,23670
3766,27450
3767,23670
3770,25710
3775,24210
3777,25620
3778,27450
3779,20830
3781,27450
3782,27450
3783,20830
3785,23670
3786,27450
3787,23670
3788,27450
3789,27450
3791,21450
3792,27450
3793,27450
3795,27450
3796,27450
3797,21450
3799,25620
3802,23670
3803,22670
3804,23670
3805,21610
3806,27450
3807,21610
3808,27450
3809,21610
3810,21450
3812,21450
3813,21450
3814,21450
3815,20830
3816,21450
3818,21450
3820,20830
3821,26170
3822,20830
3823,20830
3824,26170
3825,29399
3831,20830
3832,20830
3833,21450
3835,23810
3840,20830
3842,23810
3844,20830
3847,26810
3850,26810
3851,22110
3852,26810
3854,20830
3856,26810
3857,20830
3858,23810
3859,26810
3860,26810
3862,22110
3864,26810
3865,22110
3869,23810
3870,26170
3871,20830
3873,26810
3874,26810
3875,26810
3878,22110
3880,26810
3882,22110
3885,17040
3886,22110
3887,22110
3888,17040
3889,22110
3890,10550
3891,10550
3892,10550
3893,22110
3895,22110
3896,22110
3898,26810
3900,17080
3902,22110
3903,22110
3904,22110
3909,22110
3910,21610
3911,21610
3912,22170
3913,25340
3915,25340
3916,25340
3918,29399
3919,25340
3920,25340
3921,29399
3922,20740
3923,20740
3925,20740
3926,25340
3927,25340
3928,25340
3929,25340
3930,22170
3931,25340
3933,25340
3934,25340
3936,25340
3937,25340
3938,25340
3939,25340
3940,25340
3941,25340
3942,25340
3943,25340
3944,25340
3945,26170
3946,20740
3950,20830
3951,20740
3953,20830
3954,26170
3956,20740
3957,26170
3958,26170
3959,26170
3960,23810
3962,23810
3964,26170
3965,26170
3966,26810
3967,26170
3971,26170
3975,22170
3976,22670
3977,22670
3978,21450
3979,20740
3980,21450
3981,21610
3984,26170
3987,20740
3988,21450
3990,20740
3991,20740
3992,20740
3995,26170
3996,26170
4000,31000
4005,31000
4006,31000
4007,31000
4008,31000
4009,31000
4010,31000
4011,31000
4012,31000
4013,31000
4014,31000
4017,35010
4018,31000
4019,35010
4020,35010
4021,35010
4022,35010
4025,31000
4030,31000
4031,31000
4032,31000
4034,31000
4035,31000
4036,35010
4037,35010
4051,31000
4053,35010
4054,35010
4055,31000
4059,31000
4060,31000
4061,31000
4064,31000
4065,31000
4066,31000
4067,31000
4068,31000
4069,31000
4070,33960
4073,31000
4074,31000
4075,31000
4076,33960
4077,31000
4078,33960
4101,31000
4102,31000
4103,31000
4104,31000
4105,31000
4106,31000
4107,31000
4108,31000
4109,31000
4110,34590
4111,31000
4112,34590
4113,34590
4114,31000
4115,34590
4116,34590
4117,34590
4118,31000
4119,31000
4120,31000
4121,31000
4122,31000
4123,34590
4124,31000
4125,34590
4127,31000
4128,36250
4129,34590
4130,33430
4131,34590
4132,34590
4133,34590
4151,31000
4152,31000
4153,31000
4154,36250
4155,36250
4156,34590
4157,34590
4158,31000
4159,31000
4160,36250
4161,36250
4163,36250
4164,36250
4165,33430
4169,31000
4170,31000
4171,31000
4172,31000
4173,31000
4174,31000
4178,36250
4179,31000
4183,36250
4184,36250
4205,34590
4207,36250
4208,33430
4209,33430
4210,36510
4211,14550
4212,33430
4213,17550
4214,33430
4215,33430
4216,33430
4217,33430
4218,33430
4220,33430
4221,33430
4223,17550
4224,17550
4225,17550
4226,33430
4227,33430
4228,17550
4270,33430
4272,33430
4275,34590
4280,36510
4285,14550
4287,14550
4300,31000
4301,31000
4303,31000
4304,33960
4305,36510
4306,34590
4307,33960
4309,34580
4310,36660
4311,33960
4312,35010
4313,36910
4314,33620
4340,36580
4341,36660
4342,36580
4343,36580
4344,36910
4346,36580
4347,34580
4350,34580
4352,37310
4353,36910
4354,36910
4355,36580
4356,36910
4357,37310
4358,34580
4359,34580
4360,36910
4361,34580
4362,36510
4363,36910
4364,36910
4365,36910
4370,33610
4371,36510
4372,36660
4373,36510
4374,33610
4375,17400
4376,17400
4377,36660
4378,17400
4380,33610
4381,36660
4382,17400
4383,36660
4384,33610
4385,17400
4387,36910
4388,15300
4390,37310
4400,36910
4401,36910
4402,37310
4403,37310
4404,37310
4405,36910
4406,36910
4407,37310
4408,36630
4410,36630
4411,37310
4412,37310
4413,30370
4415,37310
4416,34860
4417,37310
4418,37310
4419,35760
4420,32270
4421,37310
4422,34860
4423,30300
4424,37310
4425,34860
4426,37310
4427,34860
4428,30370
4454,37310
4455,30300
4461,34860
4462,34860
4465,35600
4467,35600
4468,35800
4470,36150
4472,34710
4474,35800
4477,32270
4478,36150
4479,35800
4480,35800
4481,49399
4482,30450
4486,17900
4487,37310
4488,35600
4489,35600
4490,34860
4491,31750
4492,30450
4493,19399
4494,30300
4496,30300
4497,33610
4498,15300
4500,31000
4501,31000
4502,35010
4503,31000
4504,35010
4505,35010
4506,35010
4507,36720
4508,35010
4509,35010
4510,35010
4511,35010
4512,35010
4514,36720
4515,36720
4516,36720
4517,35010
4518,35010
4519,35010
4520,36580
4521,36580
4550,36720
4551,36720
4552,36580
4553,36720
4554,36720
4555,36720
4556,36720
4557,36720
4558,36720
4559,36720
4560,36720
4561,36720
4562,33620
4563,36720
4564,36720
4565,33620
4566,36720
4567,35740
4568,33620
4569,33620
4570,36720
4571,33620
4572,36720
4573,35740
4574,36580
4575,36720
4580,35740
4581,33620
4600,33220
4601,36580
4605,32330
4606,32330
4608,33620
4610,37310
4611,36630
4612,33620
4613,35760
4614,36630
4615,36910
4620,31820
4621,33620
4625,31820
4626,36630
4627,37310
4630,33360
4650,31820
4655,33220
4659,31820
4660,35760
4662,33220
4670,33360
4671,33360
4673,33360
4674,31820
4676,31820
4677,33360
4678,33360
4680,31820
4694,33360
4695,36370
4697,30370
4699,34530
4700,34530
4701,36370
4702,30410
4703,34530
4704,36370
4705,36370
4706,33980
4707,34770
4709,32270
4710,34530
4711,36370
4712,36370
4713,32270
4714,30370
4715,35760
4716,35760
4717,33980
4718,37550
4719,35760
4720,30410
4721,37340
4722,30410
4723,33980
4724,30760
4725,34710
4726,34710
4727,30760
4728,33980
4730,32750
4731,30760
4732,33200
4733,36300
4735,34800
4736,36150
4737,33980
4738,33980
4739,33980
4740,34770
4741,37010
4742,37340
4743,34770
4744,33980
4745,32270
4746,32270
4750,34770
4751,34770
4753,34770
4754,33980
4756,34770
4757,33980
4798,34770
4799,37340
4800,34770
4802,34770
4804,31900
4805,34770
4806,37340
4807,37340
4808,31900
4809,32310
4810,31900
4811,37010
4812,37010
4814,37010
4815,32310
4816,37340
4817,37010
4818,32310
4819,37010
4820,37010
4821,33100
4822,32250
4823,32600
4824,32250
4825,34800
4828,70420
4829,72330
4830,70420
4849,36820
4850,37010
4852,32260
4854,36820
4855,36820
4856,32260
4858,32260
4859,32260
4860,36820
4861,32080
4865,36820
4868,32080
4869,32080
4870,36820
4871,36820
4872,33800
4873,32500
4874,35780
4875,36950
4876,32500
4877,32080
4878,32080
4879,32080
4880,32080
4881,32810
4882,34880
4883,34880
4884,32080
4885,36820
4886,32260
4887,36820
4888,36820
4890,33100
4891,32250
4892,35670
4895,37570
5000,48260
5006,48410
5007,40070
5008,46510
5009,48410
5010,46510
5011,41060
5012,45890
5013,47140
5014,45890
5015,41060
5016,45890
5017,45890
5018,45890
5019,41060
5020,41060
5021,45890
5022,48410
5023,41060
5024,41060
5025,48410
5031,40070
5032,41060
5033,48410
5034,48410
5035,44340
5037,44340
5038,44060
5039,47980
5040,42600
5041,47980
5042,45340
5043,48410
5044,48410
5045,44060
5046,42600
5047,44340
5048,44060
5049,42600
5050,45340
5051,45340
5052,40120
5061,40070
5062,40120
5063,44340
5064,47980
5065,40070
5066,40120
5067,40070
5068,40910
5069,40070
5070,45890
5072,40910
5073,45290
5074,45890
5075,45890
5076,47700
5081,45890
5082,48260
5083,45890
5084,46510
5085,47140
5086,46510
5087,47700
5088,45890
5089,40120
5090,47700
5091,40120
5092,47140
5093,47700
5094,45890
5095,45890
5096,47700
5097,47700
5098,45890
5106,47140
5107,47140
5108,45680
5109,45680
5110,45680
5111,45680
5112,47140
5113,47140
5114,47140
5115,42030
5116,43650
5117,40150
5118,40150
5120,47140
5121,40150
5125,47140
5126,47700
5127,47140
5131,45680
5132,47700
5133,45680
5134,47700
5136,40120
5137,40120
5138,40120
5139,40120
5140,40700
5141,40700
5142,40120
5144,40120
5150,40120
5151,40120
5152,40700
5153,44340
5154,40120
5155,44550
5156,45340
5157,40120
5158,45340
5159,44060
5160,44060
5161,44060
5162,45340
5163,45340
5164,45340
5165,45340
5166,45340
5167,45340
5168,45340
5169,45340
5170,45340
5171,40220
5172,48750
5173,45340
5174,40220
5201,45340
5202,40220
5203,48750
5204,42750
5210,48050
5211,40220
5212,48050
5213,40220
5214,47800
5220,42750
5221,42750
5222,42750
5223,42750
5231,45680
5232,40120
5233,40310
5234,40310
5235,40120
5236,40120
5237,44210
5238,45040
5240,40120
5241,40120
5242,44550
5243,44550
5244,45040
5245,40120
5250,40120
5251,40120
5252,40220
5253,40220
5254,40220
5255,44550
5256,45040
5259,43080
5260,45040
5261,47800
5262,47630
5263,26890
5264,40220
5265,47290
5266,47290
5267,26890
5268,45090
5269,26890
5270,43360
5271,26890
5272,47630
5273,43360
5275,47800
5276,45090
5277,26890
5278,42250
5279,42250
5280,45090
5290,42250
5291,22410
5301,43080
5302,24780
5303,47290
5304,24780
5306,47800
5307,47290
5308,44210
5309,47290
5310,43790
5311,43080
5320,49399
5321,43790
5322,44210
5330,44210
5331,49399
5332,40520
5333,46670
5340,43790
5341,18200
5342,46670
5343,43790
5344,46670
5345,43790
5346,43790
5350,43650
5351,45680
5352,43650
5353,43650
5354,43080
5355,40310
5356,40310
5357,43790
5360,43650
5371,43650
5372,43650
5373,42110
5374,41140
5381,41140
5400,48130
5401,40150
5410,48130
5411,43650
5412,48130
5413,43650
5414,41140
5415,41140
5416,41140
5417,19399
5418,49399
5419,45540
5420,45540
5421,45540
5422,42110
5431,41830
5432,44830
5433,49399
5434,45400
5440,45400
5451,41140
5452,48130
5453,42110
5454,48130
5455,42110
5460,43650
5461,41140
5462,41140
5464,45120
5470,46450
5471,46450
5472,45120
5473,45120
5480,44830
5481,45120
5482,45120
5483,44830
5485,41830
5490,44830
5491,45540
5493,45120
5495,46090
5501,43650
5502,48130
5510,40430
5520,40430
5521,45120
5522,46450
5523,44830
5540,45120
5550,48830
5552,48130
5554,48830
5555,41560
5556,40430
5558,41560
5560,48130
5570,48830
5571,48830
5572,48830
5573,49399
5575,48830
5576,48830
5577,48830
5580,48830
5581,48830
5582,48830
5583,48830
5600,49399
5601,41960
5602,48540
5603,41960
5604,41190
5605,41190
5606,43710
5607,48640
5608,49399
5609,48540
5611,46090
5630,47910
5631,47910
5632,47910
5633,48640
5640,41960
5641,41960
5642,48640
5650,49399
5651,43220
5652,49399
5653,49399
5654,49399
5655,43220
5660,47490
5661,49399
5670,48640
5671,48640
5680,48640
5690,54280
5700,41830
5701,41830
5710,46090
5713,46090
5715,46090
5717,47490
5719,46970
5720,49399
5722,49399
5723,44000
5724,72330
5725,46970
5730,49399
5731,19399
5732,49399
5733,32750
5734,32750
5950,48410
6000,58570
6003,58570
6004,58570
6005,51310
6006,57910
6007,57080
6008,57080
6009,57980
6010,57980
6011,51750
6012,52170
6014,58570
6015,56580
6016,51310
6017,58570
6018,51310
6019,51310
6020,54170
6021,57910
6022,54170
6023,57910
6024,58760
6025,54170
6026,58760
6027,58760
6028,58760
6029,57910
6030,54170
6031,54170
6032,58760
6033,58760
6034,58760
6035,53570
6036,58760
6037,53570
6038,58760
6041,58760
6042,53570
6043,53570
6044,52590
6050,50420
6051,57910
6052,50420
6053,50350
6054,50420
6055,50350
6056,54200
6057,50490
6058,50490
6059,58050
6060,58570
6061,54170
6062,50350
6063,50420
6064,54170
6065,58050
6066,58760
6067,58760
6068,58050
6069,58050
6070,54200
6071,54200
6072,54200
6073,54200
6074,59370
6076,59370
6077,58050
6078,58050
6079,58760
6081,58050
6082,58330
6083,56730
6084,53570
6090,58760
6100,57840
6101,51330
6102,57840
6103,58510
6104,50490
6105,58510
6106,53780
6107,57840
6108,51330
6109,54200
6110,54200
6111,59370
6112,51820
6121,57490
6122,50210
6123,57700
6124,50210
6125,57490
6126,58680
6147,53780
6148,53780
6149,51330
6150,51820
6151,58510
6152,51330
6153,51330
6154,55320
6155,50210
6156,53430
6157,53150
6158,55320
6159,55740
6160,55320
6161,51820
6162,51820
6163,55320
6164,57700
6165,51820
6166,54830
6167,57490
6168,54830
6169,57490
6170,57700
6171,54830
6172,57490
6173,57490
6174,57490
6175,55110
6176,57700
6180,56230
6181,57490
6182,56230
6207,57490
6208,55110
6209,55110
6210,57490
6211,56230
6213,58820
6214,58820
6215,50630
6218,58820
6219,53990
6220,51890
6221,51890
6223,53990
6224,51890
6225,50630
6226,51890
6227,53990
6228,53990
6229,51190
6230,53990
6232,51190
6233,51190
6236,51190
6237,51190
6239,51260
6240,52660
6243,50840
6244,52240
6251,51260
6252,52870
6253,56300
6254,52870
6255,52870
6256,56300
6258,57210
6260,56300
6262,55180
6271,52870
6275,51400
6280,50280
6281,51260
6282,51260
6284,56300
6285,56300
6286,50280
6288,56300
6290,50280
6302,54200
6304,59370
6306,58680
6308,50630
6309,59100
6311,58680
6312,58610
6313,58890
6315,59170
6316,53010
6317,53640
6318,54550
6320,54550
6321,53640
6322,57210
6323,52240
6324,52730
6326,52730
6327,52730
6328,57210
6330,52730
6333,50080
6335,54340
6336,54480
6337,54900
6338,51080
6341,54900
6343,53640
6346,54900
6348,57420
6350,58610
6351,54760
6352,54900
6353,54480
6355,54130
6356,54620
6357,54620
6358,56370
6359,53080
6361,58610
6363,54900
6365,54900
6367,52100
6368,51120
6369,51120
6370,54760
6372,57140
6373,54760
6375,56370
6383,54410
6384,54410
6385,54410
6386,52100
6390,58820
6391,52310
6392,59170
6393,54550
6394,58610
6395,54340
6396,50770
6397,52730
6398,57210
6401,52940
6403,56730
6405,57350
6407,59330
6409,57350
6410,59330
6411,51120
6412,56860
6413,54410
6414,55460
6415,54410
6418,56370
6419,56370
6420,59360
6421,59360
6422,55460
6423,55460
6424,55460
6425,59360
6426,57630
6427,59360
6428,56370
6429,55390
6430,51960
6431,53080
6432,54280
6434,49399
6436,55880
6437,55390
6438,59250
6440,40250
6442,54280
6443,59360
6445,57420
6446,53290
6447,53290
6448,53290
6450,54900
6452,53080
6460,58330
6461,59310
6462,54690
6463,52940
6465,54690
6466,52940
6467,54690
6468,59350
6470,59310
6472,55950
6473,55950
6475,59310
6476,59330
6477,58400
6479,58400
6480,54410
6484,51960
6485,55880
6487,54410
6488,54410
6489,54410
6490,54410
6501,53570
6502,58540
6503,58540
6504,53570
6505,58330
6506,53570
6507,58540
6509,51680
6510,52590
6511,52590
6512,52590
6513,52520
6514,52590
6515,55600
6516,52030
6517,57000
6518,54060
6519,55670
6521,55600
6522,53800
6525,55530
6528,54060
6530,51610
6532,54060
6535,51610
6536,57770
6537,57770
6556,58050
6558,58050
6560,58330
6562,58330
6564,58330
6566,53710
6567,58050
6568,53710
6569,58330
6571,59310
6572,55600
6574,58540
6575,59310
6603,55600
6605,59310
6606,55600
6608,55600
6609,52030
6612,52030
6613,52030
6614,52030
6616,51470
6620,58260
6623,55530
6625,57000
6627,55530
6628,55670
6630,55670
6631,55670
6632,51610
6635,52380
6638,57630
6639,55250
6640,57630
6642,57630
6646,57630
6701,56160
6705,57770
6707,50250
6710,54310
6712,54310
6713,54310
6714,50250
6716,54310
6718,54310
6720,54310
6721,50980
6722,53220
6725,53220
6726,50980
6728,53220
6740,52800
6743,74550
6751,51540
6753,59250
6754,50250
6758,50250
6760,54310
6762,59250
6765,52800
6770,74550
6798,51710
6799,51860
7000,62810
7004,62810
7005,63610
7007,63610
7008,62610
7009,62810
7010,62810
7011,61510
7012,61510
7015,61410
7016,61410
7017,65010
7018,61410
7019,61410
7020,61410
7021,61410
7022,61410
7023,61410
7024,61410
7025,65010
7026,64810
7027,65010
7030,62610
7050,62810
7052,63610
7053,62810
7054,63010
7055,63610
7109,61510
7112,63610
7113,63010
7116,61010
7117,63010
7119,65010
7120,61010
7139,61510
7140,62610
7150,63010
7155,63610
7162,63010
7163,63010
7170,64810
7171,61410
7172,65010
7173,64810
7174,64810
7175,62410
7176,62410
7177,64810
7178,65210
7179,65210
7180,65210
7182,65210
7183,65210
7184,65210
7185,65210
7186,65210
7187,65210
7190,61410
7209,61010
7210,62410
7211,64610
7212,61810
7213,60210
7214,64610
7215,64610
7216,61810
7248,64010
7249,64010
7250,64610
7252,65810
7253,65810
7254,61810
7255,62010
7256,63410
7257,62010
7258,64610
7259,60210
7260,64010
7261,61810
7262,62210
7263,60210
7264,60210
7265,61810
7267,62210
7268,61810
7270,63810
7275,64210
7276,65810
7277,64210
7290,64610
7291,64610
7292,65810
7300,64610
7301,64010
7302,61010
7303,64610
7304,63810
7305,64210
7306,63810
7307,65810
7310,63810
7315,65410
7316,65410
7320,60610
7321,63210
7322,60610
7325,60610
7330,61210
7331,61210
7466,65610
7467,65610
7468,65610
7469,63210
7470,65610
